Frame,Avg Bee-Mite Dist,Avg Bee-Bee Dist,Avg Bee-Center Dist,Avg Bee-Edge Dist,Frames with Bees Close to Mites
1,187.48088995834007,266.79177015497044,910.1258237888196,95.16666666666667,0
2,187.58394783688948,267.10538732909873,909.9013417030983,95.16666666666667,0
3,187.58394783688948,267.10538732909873,909.9013417030983,95.16666666666667,0
4,187.50279316652748,267.0218876065191,909.6546023177158,95.16666666666667,0
5,187.51460049847404,267.0936145820596,909.790716633552,95.16666666666667,0
6,187.36295187919976,266.82726061183945,909.6660532390024,95.33333333333333,0
7,187.58394783688948,267.10538732909873,909.9013417030983,95.16666666666667,0
8,187.58394783688948,267.10538732909873,909.9013417030983,95.16666666666667,0
9,187.35869756196394,266.88123152728144,909.6529002417302,95.33333333333333,0
10,187.51460049847404,267.0936145820596,909.790716633552,95.16666666666667,0
11,187.51460049847404,267.0936145820596,909.790716633552,95.16666666666667,0
12,187.51460049847404,267.0936145820596,909.790716633552,95.16666666666667,0
13,187.51460049847404,267.0936145820596,909.790716633552,95.16666666666667,0
14,187.51460049847404,267.0936145820596,909.790716633552,95.16666666666667,0
15,187.51460049847404,267.0936145820596,909.790716633552,95.16666666666667,0
16,187.51460049847404,267.0936145820596,909.790716633552,95.16666666666667,0
17,187.35453918670794,266.8944512574807,909.6628397827698,95.33333333333333,0
18,187.35453918670794,266.8944512574807,909.6628397827698,95.33333333333333,0
19,187.35453918670794,266.8944512574807,909.6628397827698,95.33333333333333,0
20,187.35453918670794,266.8944512574807,909.6628397827698,95.33333333333333,0
21,187.35453918670794,266.8944512574807,909.6628397827698,95.33333333333333,0
22,187.35453918670794,266.8944512574807,909.6628397827698,95.33333333333333,0
23,187.35453918670794,266.8944512574807,909.6628397827698,95.33333333333333,0
24,187.35453918670794,266.8944512574807,909.6628397827698,95.33333333333333,0
25,187.35453918670794,266.8944512574807,909.6628397827698,95.33333333333333,0
26,187.35453918670794,266.8944512574807,909.6628397827698,95.33333333333333,0
27,187.35453918670794,266.8944512574807,909.6628397827698,95.33333333333333,0
28,187.35453918670794,266.8944512574807,909.6628397827698,95.33333333333333,0
29,187.35453918670794,266.8944512574807,909.6628397827698,95.33333333333333,0
30,187.35453918670794,266.8944512574807,909.6628397827698,95.33333333333333,0
31,187.35453918670794,266.8944512574807,909.6628397827698,95.33333333333333,0
32,187.35453918670794,266.8944512574807,909.6628397827698,95.33333333333333,0
33,187.35453918670794,266.8944512574807,909.6628397827698,95.33333333333333,0
34,187.4557520675719,267.1335318326404,909.4289018718349,95.16666666666667,0
35,187.4557520675719,267.1335318326404,909.4289018718349,95.16666666666667,0
36,187.4557520675719,267.1335318326404,909.4289018718349,95.16666666666667,0
37,187.520755600137,267.16447480998437,909.5667799923916,95.16666666666667,0
38,187.4557520675719,267.1335318326404,909.4289018718349,95.16666666666667,0
39,187.4557520675719,267.1335318326404,909.4289018718349,95.16666666666667,0
40,187.4557520675719,267.1335318326404,909.4289018718349,95.16666666666667,0
41,187.4557520675719,267.1335318326404,909.4289018718349,95.16666666666667,0
42,187.4557520675719,267.1335318326404,909.4289018718349,95.16666666666667,0
43,187.4557520675719,267.1335318326404,909.4289018718349,95.16666666666667,0
44,187.4557520675719,267.1335318326404,909.4289018718349,95.16666666666667,0
45,187.4557520675719,267.1335318326404,909.4289018718349,95.16666666666667,0
46,187.4557520675719,267.1335318326404,909.4289018718349,95.16666666666667,0
47,187.4557520675719,267.1335318326404,909.4289018718349,95.16666666666667,0
48,187.5373808938192,267.318469206314,909.3025762512283,95.16666666666667,0
49,187.5373808938192,267.318469206314,909.3025762512283,95.16666666666667,0
50,187.5373808938192,267.318469206314,909.3025762512283,95.16666666666667,0
51,187.3814779573091,267.10538732909873,909.1647598594064,95.33333333333333,0
52,187.5373808938192,267.318469206314,909.3025762512283,95.16666666666667,0
53,187.5373808938192,267.318469206314,909.3025762512283,95.16666666666667,0
54,187.5373808938192,267.318469206314,909.3025762512283,95.16666666666667,0
55,187.5373808938192,267.318469206314,909.3025762512283,95.16666666666667,0
56,187.5373808938192,267.318469206314,909.3025762512283,95.16666666666667,0
57,187.5373808938192,267.318469206314,909.3025762512283,95.16666666666667,0
58,187.5373808938192,267.318469206314,909.3025762512283,95.16666666666667,0
59,187.5373808938192,267.318469206314,909.3025762512283,95.16666666666667,0
60,187.5373808938192,267.318469206314,909.3025762512283,95.16666666666667,0
61,187.5373808938192,267.318469206314,909.3025762512283,95.16666666666667,0
62,187.5373808938192,267.318469206314,909.3025762512283,95.16666666666667,0
63,187.5373808938192,267.318469206314,909.3025762512283,95.16666666666667,0
64,187.5373808938192,267.318469206314,909.3025762512283,95.16666666666667,0
65,187.5373808938192,267.318469206314,909.3025762512283,95.16666666666667,0
66,187.5373808938192,267.318469206314,909.3025762512283,95.16666666666667,0
67,187.3128927208944,267.0936145820596,909.05422259367,95.33333333333333,0
68,187.3814779573091,267.10538732909873,909.1647598594064,95.33333333333333,0
69,187.3814779573091,267.10538732909873,909.1647598594064,95.33333333333333,0
70,187.3814779573091,267.10538732909873,909.1647598594064,95.33333333333333,0
71,187.3814779573091,267.10538732909873,909.1647598594064,95.33333333333333,0
72,187.3814779573091,267.10538732909873,909.1647598594064,95.33333333333333,0
73,187.3814779573091,267.10538732909873,909.1647598594064,95.33333333333333,0
74,187.5373808938192,267.318469206314,909.3025762512283,95.16666666666667,0
75,187.5373808938192,267.318469206314,909.3025762512283,95.16666666666667,0
76,187.5373808938192,267.318469206314,909.3025762512283,95.16666666666667,0
77,187.5373808938192,267.318469206314,909.3025762512283,95.16666666666667,0
78,187.5373808938192,267.318469206314,909.3025762512283,95.16666666666667,0
79,187.5373808938192,267.318469206314,909.3025762512283,95.16666666666667,0
80,187.5373808938192,267.318469206314,909.3025762512283,95.16666666666667,0
81,187.5373808938192,267.318469206314,909.3025762512283,95.16666666666667,0
82,187.5373808938192,267.318469206314,909.3025762512283,95.16666666666667,0
83,187.5373808938192,267.318469206314,909.3025762512283,95.16666666666667,0
84,187.5373808938192,267.318469206314,909.3025762512283,95.16666666666667,0
85,187.3814779573091,267.10538732909873,909.1647598594064,95.33333333333333,0
86,187.3814779573091,267.10538732909873,909.1647598594064,95.33333333333333,0
87,187.3814779573091,267.10538732909873,909.1647598594064,95.33333333333333,0
88,187.3814779573091,267.10538732909873,909.1647598594064,95.33333333333333,0
89,187.5373808938192,267.318469206314,909.3025762512283,95.16666666666667,0
90,187.5373808938192,267.318469206314,909.3025762512283,95.16666666666667,0
91,187.5373808938192,267.318469206314,909.3025762512283,95.16666666666667,0
92,187.5373808938192,267.318469206314,909.3025762512283,95.16666666666667,0
93,187.3814779573091,267.10538732909873,909.1647598594064,95.33333333333333,0
94,187.3814779573091,267.10538732909873,909.1647598594064,95.33333333333333,0
95,187.3814779573091,267.10538732909873,909.1647598594064,95.33333333333333,0
96,187.3814779573091,267.10538732909873,909.1647598594064,95.33333333333333,0
97,187.3814779573091,267.10538732909873,909.1647598594064,95.33333333333333,0
98,187.3814779573091,267.10538732909873,909.1647598594064,95.33333333333333,0
99,187.3814779573091,267.10538732909873,909.1647598594064,95.33333333333333,0
100,187.3814779573091,267.10538732909873,909.1647598594064,95.33333333333333,0
101,187.3814779573091,267.10538732909873,909.1647598594064,95.33333333333333,0
102,187.3814779573091,267.10538732909873,909.1647598594064,95.33333333333333,0
103,187.3814779573091,267.10538732909873,909.1647598594064,95.33333333333333,0
104,187.5373808938192,267.318469206314,909.3025762512283,95.16666666666667,0
105,187.3814779573091,267.10538732909873,909.1647598594064,95.33333333333333,0
106,187.3814779573091,267.10538732909873,909.1647598594064,95.33333333333333,0
107,187.3814779573091,267.10538732909873,909.1647598594064,95.33333333333333,0
108,187.3814779573091,267.10538732909873,909.1647598594064,95.33333333333333,0
109,187.3814779573091,267.10538732909873,909.1647598594064,95.33333333333333,0
110,187.3814779573091,267.10538732909873,909.1647598594064,95.33333333333333,0
111,187.3814779573091,267.10538732909873,909.1647598594064,95.33333333333333,0
112,187.3814779573091,267.10538732909873,909.1647598594064,95.33333333333333,0
113,187.3814779573091,267.10538732909873,909.1647598594064,95.33333333333333,0
114,187.3814779573091,267.10538732909873,909.1647598594064,95.33333333333333,0
115,187.3814779573091,267.10538732909873,909.1647598594064,95.33333333333333,0
116,187.3814779573091,267.10538732909873,909.1647598594064,95.33333333333333,0
117,187.3814779573091,267.10538732909873,909.1647598594064,95.33333333333333,0
118,187.3814779573091,267.10538732909873,909.1647598594064,95.33333333333333,0
119,187.3814779573091,267.10538732909873,909.1647598594064,95.33333333333333,0
120,187.3814779573091,267.10538732909873,909.1647598594064,95.33333333333333,0
121,187.3814779573091,267.10538732909873,909.1647598594064,95.33333333333333,0
122,187.3814779573091,267.10538732909873,909.1647598594064,95.33333333333333,0
123,187.3814779573091,267.10538732909873,909.1647598594064,95.33333333333333,0
124,187.3128927208944,267.0936145820596,909.05422259367,95.33333333333333,0
125,187.3814779573091,267.10538732909873,909.1647598594064,95.33333333333333,0
126,187.3814779573091,267.10538732909873,909.1647598594064,95.33333333333333,0
127,187.3128927208944,267.0936145820596,909.05422259367,95.33333333333333,0
128,187.3814779573091,267.10538732909873,909.1647598594064,95.33333333333333,0
129,187.3814779573091,267.10538732909873,909.1647598594064,95.33333333333333,0
130,187.3128927208944,267.0936145820596,909.05422259367,95.33333333333333,0
131,187.3128927208944,267.0936145820596,909.05422259367,95.33333333333333,0
132,187.3814779573091,267.10538732909873,909.1647598594064,95.33333333333333,0
133,187.3128927208944,267.0936145820596,909.05422259367,95.33333333333333,0
134,187.3128927208944,267.0936145820596,909.05422259367,95.33333333333333,0
135,187.3128927208944,267.0936145820596,909.05422259367,95.33333333333333,0
136,187.3128927208944,267.0936145820596,909.05422259367,95.33333333333333,0
137,187.3128927208944,267.0936145820596,909.05422259367,95.33333333333333,0
138,187.3128927208944,267.0936145820596,909.05422259367,95.33333333333333,0
139,187.3128927208944,267.0936145820596,909.05422259367,95.33333333333333,0
140,187.3128927208944,267.0936145820596,909.05422259367,95.33333333333333,0
141,187.3128927208944,267.0936145820596,909.05422259367,95.33333333333333,0
142,187.3128927208944,267.0936145820596,909.05422259367,95.33333333333333,0
143,187.3128927208944,267.0936145820596,909.05422259367,95.33333333333333,0
144,187.3128927208944,267.0936145820596,909.05422259367,95.33333333333333,0
145,187.3128927208944,267.0936145820596,909.05422259367,95.33333333333333,0
146,187.3128927208944,267.0936145820596,909.05422259367,95.33333333333333,0
147,187.3128927208944,267.0936145820596,909.05422259367,95.33333333333333,0
148,187.3128927208944,267.0936145820596,909.05422259367,95.33333333333333,0
149,187.3128927208944,267.0936145820596,909.05422259367,95.33333333333333,0
150,187.3128927208944,267.0936145820596,909.05422259367,95.33333333333333,0
151,187.3128927208944,267.0936145820596,909.05422259367,95.33333333333333,0
152,187.3128927208944,267.0936145820596,909.05422259367,95.33333333333333,0
153,187.3128927208944,267.0936145820596,909.05422259367,95.33333333333333,0
154,187.3128927208944,267.0936145820596,909.05422259367,95.33333333333333,0
155,187.3128927208944,267.0936145820596,909.05422259367,95.33333333333333,0
156,187.3128927208944,267.0936145820596,909.05422259367,95.33333333333333,0
157,187.3128927208944,267.0936145820596,909.05422259367,95.33333333333333,0
158,187.3128927208944,267.0936145820596,909.05422259367,95.33333333333333,0
159,187.3128927208944,267.0936145820596,909.05422259367,95.33333333333333,0
160,187.3128927208944,267.0936145820596,909.05422259367,95.33333333333333,0
161,187.3128927208944,267.0936145820596,909.05422259367,95.33333333333333,0
162,187.3128927208944,267.0936145820596,909.05422259367,95.33333333333333,0
163,187.3128927208944,267.0936145820596,909.05422259367,95.33333333333333,0
164,187.3128927208944,267.0936145820596,909.05422259367,95.33333333333333,0
165,187.3128927208944,267.0936145820596,909.05422259367,95.33333333333333,0
166,187.3128927208944,267.0936145820596,909.05422259367,95.33333333333333,0
167,187.3128927208944,267.0936145820596,909.05422259367,95.33333333333333,0
168,187.3128927208944,267.0936145820596,909.05422259367,95.33333333333333,0
169,187.3128927208944,267.0936145820596,909.05422259367,95.33333333333333,0
170,187.3128927208944,267.0936145820596,909.05422259367,95.33333333333333,0
171,187.3128927208944,267.0936145820596,909.05422259367,95.33333333333333,0
172,187.3128927208944,267.0936145820596,909.05422259367,95.33333333333333,0
173,187.3128927208944,267.0936145820596,909.05422259367,95.33333333333333,0
174,187.3128927208944,267.0936145820596,909.05422259367,95.33333333333333,0
175,187.3128927208944,267.0936145820596,909.05422259367,95.33333333333333,0
176,187.3128927208944,267.0936145820596,909.05422259367,95.33333333333333,0
177,187.3128927208944,267.0936145820596,909.05422259367,95.33333333333333,0
178,187.3128927208944,267.0936145820596,909.05422259367,95.33333333333333,0
179,187.3128927208944,267.0936145820596,909.05422259367,95.33333333333333,0
180,187.3128927208944,267.0936145820596,909.05422259367,95.33333333333333,0
181,187.3128927208944,267.0936145820596,909.05422259367,95.33333333333333,0
182,187.3128927208944,267.0936145820596,909.05422259367,95.33333333333333,0
183,187.3128927208944,267.0936145820596,909.05422259367,95.33333333333333,0
184,187.3128927208944,267.0936145820596,909.05422259367,95.33333333333333,0
185,187.3128927208944,267.0936145820596,909.05422259367,95.33333333333333,0
186,187.3128927208944,267.0936145820596,909.05422259367,95.33333333333333,0
187,187.3128927208944,267.0936145820596,909.05422259367,95.33333333333333,0
188,187.3128927208944,267.0936145820596,909.05422259367,95.33333333333333,0
189,187.3128927208944,267.0936145820596,909.05422259367,95.33333333333333,0
190,187.3128927208944,267.0936145820596,909.05422259367,95.33333333333333,0
191,187.3128927208944,267.0936145820596,909.05422259367,95.33333333333333,0
192,187.3128927208944,267.0936145820596,909.05422259367,95.33333333333333,0
193,187.3128927208944,267.0936145820596,909.05422259367,95.33333333333333,0
194,187.3128927208944,267.0936145820596,909.05422259367,95.33333333333333,0
195,187.3128927208944,267.0936145820596,909.05422259367,95.33333333333333,0
196,187.3128927208944,267.0936145820596,909.05422259367,95.33333333333333,0
197,187.3128927208944,267.0936145820596,909.05422259367,95.33333333333333,0
198,187.3128927208944,267.0936145820596,909.05422259367,95.33333333333333,0
199,187.3128927208944,267.0936145820596,909.05422259367,95.33333333333333,0
200,187.47911417309516,267.3636404866033,908.958304413598,95.16666666666667,0
201,187.47911417309516,267.3636404866033,908.958304413598,95.16666666666667,0
202,187.3128927208944,267.0936145820596,909.05422259367,95.33333333333333,0
203,187.47911417309516,267.3636404866033,908.958304413598,95.16666666666667,0
204,187.3128927208944,267.0936145820596,909.05422259367,95.33333333333333,0
205,187.31911896779374,267.16447480998437,908.8304918139503,95.33333333333333,0
206,187.15289751559297,266.8944512574807,908.9264099940224,95.5,0
207,187.31911896779374,267.16447480998437,908.8304918139503,95.33333333333333,0
208,187.47911417309516,267.3636404866033,908.958304413598,95.16666666666667,0
209,187.47911417309516,267.3636404866033,908.958304413598,95.16666666666667,0
210,187.31911896779374,267.16447480998437,908.8304918139503,95.33333333333333,0
211,187.31911896779374,267.16447480998437,908.8304918139503,95.33333333333333,0
212,187.47911417309516,267.3636404866033,908.958304413598,95.16666666666667,0
213,187.47911417309516,267.3636404866033,908.958304413598,95.16666666666667,0
214,187.47911417309516,267.3636404866033,908.958304413598,95.16666666666667,0
215,187.31911896779374,267.16447480998437,908.8304918139503,95.33333333333333,0
216,187.15289751559297,266.8944512574807,908.9264099940224,95.5,0
217,187.3128927208944,267.0936145820596,909.05422259367,95.33333333333333,0
218,187.25494707991547,267.1335318326404,908.6926762665571,95.33333333333333,0
219,187.47911417309516,267.3636404866033,908.958304413598,95.16666666666667,0
220,187.31911896779374,267.16447480998437,908.8304918139503,95.33333333333333,0
221,187.47911417309516,267.3636404866033,908.958304413598,95.16666666666667,0
222,187.47911417309516,267.3636404866033,908.958304413598,95.16666666666667,0
223,187.3128927208944,267.0936145820596,909.05422259367,95.33333333333333,0
224,187.31911896779374,267.16447480998437,908.8304918139503,95.33333333333333,0
225,187.31911896779374,267.16447480998437,908.8304918139503,95.33333333333333,0
226,187.31911896779374,267.16447480998437,908.8304918139503,95.33333333333333,0
227,187.47911417309516,267.3636404866033,908.958304413598,95.16666666666667,0
228,187.31911896779374,267.16447480998437,908.8304918139503,95.33333333333333,0
229,187.15289751559297,266.8944512574807,908.9264099940224,95.5,0
230,187.47911417309516,267.3636404866033,908.958304413598,95.16666666666667,0
231,187.15289751559297,266.8944512574807,908.9264099940224,95.5,0
232,187.31911896779374,267.16447480998437,908.8304918139503,95.33333333333333,0
233,187.31911896779374,267.16447480998437,908.8304918139503,95.33333333333333,0
234,187.31911896779374,267.16447480998437,908.8304918139503,95.33333333333333,0
235,187.31911896779374,267.16447480998437,908.8304918139503,95.33333333333333,0
236,187.31911896779374,267.16447480998437,908.8304918139503,95.33333333333333,0
237,187.25494707991547,267.1335318326404,908.6926762665571,95.33333333333333,0
238,187.31911896779374,267.16447480998437,908.8304918139503,95.33333333333333,0
239,187.31911896779374,267.16447480998437,908.8304918139503,95.33333333333333,0
240,187.31911896779374,267.16447480998437,908.8304918139503,95.33333333333333,0
241,187.47911417309516,267.3636404866033,908.958304413598,95.16666666666667,0
242,187.31911896779374,267.16447480998437,908.8304918139503,95.33333333333333,0
243,187.47911417309516,267.3636404866033,908.958304413598,95.16666666666667,0
244,187.31911896779374,267.16447480998437,908.8304918139503,95.33333333333333,0
245,187.31911896779374,267.16447480998437,908.8304918139503,95.33333333333333,0
246,187.31911896779374,267.16447480998437,908.8304918139503,95.33333333333333,0
247,187.31911896779374,267.16447480998437,908.8304918139503,95.33333333333333,0
248,187.31911896779374,267.16447480998437,908.8304918139503,95.33333333333333,0
249,187.31911896779374,267.16447480998437,908.8304918139503,95.33333333333333,0
250,187.31911896779374,267.16447480998437,908.8304918139503,95.33333333333333,0
251,187.31911896779374,267.16447480998437,908.8304918139503,95.33333333333333,0
252,187.31911896779374,267.16447480998437,908.8304918139503,95.33333333333333,0
253,187.25494707991547,267.1335318326404,908.6926762665571,95.33333333333333,0
254,187.25494707991547,267.1335318326404,908.6926762665571,95.33333333333333,0
255,187.31911896779374,267.16447480998437,908.8304918139503,95.33333333333333,0
256,187.25494707991547,267.1335318326404,908.6926762665571,95.33333333333333,0
257,187.31911896779374,267.16447480998437,908.8304918139503,95.33333333333333,0
258,187.25494707991547,267.1335318326404,908.6926762665571,95.33333333333333,0
259,187.25494707991547,267.1335318326404,908.6926762665571,95.33333333333333,0
260,187.31911896779374,267.16447480998437,908.8304918139503,95.33333333333333,0
261,187.25494707991547,267.1335318326404,908.6926762665571,95.33333333333333,0
262,187.25494707991547,267.1335318326404,908.6926762665571,95.33333333333333,0
263,187.31911896779374,267.16447480998437,908.8304918139503,95.33333333333333,0
264,187.31911896779374,267.16447480998437,908.8304918139503,95.33333333333333,0
265,187.25494707991547,267.1335318326404,908.6926762665571,95.33333333333333,0
266,187.31911896779374,267.16447480998437,908.8304918139503,95.33333333333333,0
267,187.25494707991547,267.1335318326404,908.6926762665571,95.33333333333333,0
268,187.25494707991547,267.1335318326404,908.6926762665571,95.33333333333333,0
269,187.25494707991547,267.1335318326404,908.6926762665571,95.33333333333333,0
270,187.25494707991547,267.1335318326404,908.6926762665571,95.33333333333333,0
271,187.25494707991547,267.1335318326404,908.6926762665571,95.33333333333333,0
272,187.31911896779374,267.16447480998437,908.8304918139503,95.33333333333333,0
273,187.25494707991547,267.1335318326404,908.6926762665571,95.33333333333333,0
274,187.31911896779374,267.16447480998437,908.8304918139503,95.33333333333333,0
275,187.31911896779374,267.16447480998437,908.8304918139503,95.33333333333333,0
276,187.31911896779374,267.16447480998437,908.8304918139503,95.33333333333333,0
277,187.31911896779374,267.16447480998437,908.8304918139503,95.33333333333333,0
278,187.31911896779374,267.16447480998437,908.8304918139503,95.33333333333333,0
279,187.31911896779374,267.16447480998437,908.8304918139503,95.33333333333333,0
280,187.25494707991547,267.1335318326404,908.6926762665571,95.33333333333333,0
281,187.25494707991547,267.1335318326404,908.6926762665571,95.33333333333333,0
282,187.25494707991547,267.1335318326404,908.6926762665571,95.33333333333333,0
283,187.25494707991547,267.1335318326404,908.6926762665571,95.33333333333333,0
284,187.31911896779374,267.16447480998437,908.8304918139503,95.33333333333333,0
285,187.25494707991547,267.1335318326404,908.6926762665571,95.33333333333333,0
286,187.25494707991547,267.1335318326404,908.6926762665571,95.33333333333333,0
287,187.25494707991547,267.1335318326404,908.6926762665571,95.33333333333333,0
288,187.25494707991547,267.1335318326404,908.6926762665571,95.33333333333333,0
289,187.25494707991547,267.1335318326404,908.6926762665571,95.33333333333333,0
290,187.31911896779374,267.16447480998437,908.8304918139503,95.33333333333333,0
291,187.25494707991547,267.1335318326404,908.6926762665571,95.33333333333333,0
292,187.40139506513128,267.3494148083911,908.7042669213271,95.33333333333333,0
293,187.337223177253,267.318469206314,908.5664513739339,95.33333333333333,0
294,187.40139506513128,267.3494148083911,908.7042669213271,95.33333333333333,0
295,187.25494707991547,267.1335318326404,908.6926762665571,95.33333333333333,0
296,187.337223177253,267.318469206314,908.5664513739339,95.33333333333333,0
297,187.337223177253,267.318469206314,908.5664513739339,95.33333333333333,0
298,187.25494707991547,267.1335318326404,908.6926762665571,95.33333333333333,0
299,187.337223177253,267.318469206314,908.5664513739339,95.33333333333333,0
300,187.337223177253,267.318469206314,908.5664513739339,95.33333333333333,0
301,187.25494707991547,267.1335318326404,908.6926762665571,95.33333333333333,0
302,187.337223177253,267.318469206314,908.5664513739339,95.33333333333333,0
303,187.25494707991547,267.1335318326404,908.6926762665571,95.33333333333333,0
304,187.40139506513128,267.3494148083911,908.7042669213271,95.33333333333333,0
305,187.25494707991547,267.1335318326404,908.6926762665571,95.33333333333333,0
306,187.25494707991547,267.1335318326404,908.6926762665571,95.33333333333333,0
307,187.25494707991547,267.1335318326404,908.6926762665571,95.33333333333333,0
308,187.337223177253,267.318469206314,908.5664513739339,95.33333333333333,0
309,187.337223177253,267.318469206314,908.5664513739339,95.33333333333333,0
310,187.337223177253,267.318469206314,908.5664513739339,95.33333333333333,0
311,187.337223177253,267.318469206314,908.5664513739339,95.33333333333333,0
312,187.337223177253,267.318469206314,908.5664513739339,95.33333333333333,0
313,187.337223177253,267.318469206314,908.5664513739339,95.33333333333333,0
314,187.337223177253,267.318469206314,908.5664513739339,95.33333333333333,0
315,187.25494707991547,267.1335318326404,908.6926762665571,95.33333333333333,0
316,187.25494707991547,267.1335318326404,908.6926762665571,95.33333333333333,0
317,187.25494707991547,267.1335318326404,908.6926762665571,95.33333333333333,0
318,187.18142324376262,267.10538732909873,908.4286881661156,95.5,0
319,187.25494707991547,267.1335318326404,908.6926762665571,95.33333333333333,0
320,187.337223177253,267.318469206314,908.5664513739339,95.33333333333333,0
321,187.25494707991547,267.1335318326404,908.6926762665571,95.33333333333333,0
322,187.337223177253,267.318469206314,908.5664513739339,95.33333333333333,0
323,187.337223177253,267.318469206314,908.5664513739339,95.33333333333333,0
324,187.337223177253,267.318469206314,908.5664513739339,95.33333333333333,0
325,187.337223177253,267.318469206314,908.5664513739339,95.33333333333333,0
326,187.337223177253,267.318469206314,908.5664513739339,95.33333333333333,0
327,187.337223177253,267.318469206314,908.5664513739339,95.33333333333333,0
328,187.25494707991547,267.1335318326404,908.6926762665571,95.33333333333333,0
329,187.337223177253,267.318469206314,908.5664513739339,95.33333333333333,0
330,187.25494707991547,267.1335318326404,908.6926762665571,95.33333333333333,0
331,187.337223177253,267.318469206314,908.5664513739339,95.33333333333333,0
332,187.38441184687107,267.4456997365736,908.6735016493894,95.33333333333333,0
333,187.337223177253,267.318469206314,908.5664513739339,95.33333333333333,0
334,187.337223177253,267.318469206314,908.5664513739339,95.33333333333333,0
335,187.25494707991547,267.1335318326404,908.6926762665571,95.33333333333333,0
336,187.337223177253,267.318469206314,908.5664513739339,95.33333333333333,0
337,187.25494707991547,267.1335318326404,908.6926762665571,95.33333333333333,0
338,187.337223177253,267.318469206314,908.5664513739339,95.33333333333333,0
339,187.18142324376262,267.10538732909873,908.4286881661156,95.5,0
340,187.25494707991547,267.1335318326404,908.6926762665571,95.33333333333333,0
341,187.337223177253,267.318469206314,908.5664513739339,95.33333333333333,0
342,187.337223177253,267.318469206314,908.5664513739339,95.33333333333333,0
343,187.25494707991547,267.1335318326404,908.6926762665571,95.33333333333333,0
344,187.337223177253,267.318469206314,908.5664513739339,95.33333333333333,0
345,187.337223177253,267.318469206314,908.5664513739339,95.33333333333333,0
346,187.337223177253,267.318469206314,908.5664513739339,95.33333333333333,0
347,187.337223177253,267.318469206314,908.5664513739339,95.33333333333333,0
348,187.25494707991547,267.1335318326404,908.6926762665571,95.33333333333333,0
349,187.25494707991547,267.1335318326404,908.6926762665571,95.33333333333333,0
350,187.337223177253,267.318469206314,908.5664513739339,95.33333333333333,0
351,187.337223177253,267.318469206314,908.5664513739339,95.33333333333333,0
352,187.337223177253,267.318469206314,908.5664513739339,95.33333333333333,0
353,187.337223177253,267.318469206314,908.5664513739339,95.33333333333333,0
354,187.337223177253,267.318469206314,908.5664513739339,95.33333333333333,0
355,187.25494707991547,267.1335318326404,908.6926762665571,95.33333333333333,0
356,187.25494707991547,267.1335318326404,908.6926762665571,95.33333333333333,0
357,187.25494707991547,267.1335318326404,908.6926762665571,95.33333333333333,0
358,187.38441184687107,267.4456997365736,908.6735016493894,95.33333333333333,0
359,187.337223177253,267.318469206314,908.5664513739339,95.33333333333333,0
360,187.38441184687107,267.4456997365736,908.6735016493894,95.33333333333333,0
361,187.337223177253,267.318469206314,908.5664513739339,95.33333333333333,0
362,187.337223177253,267.318469206314,908.5664513739339,95.33333333333333,0
363,187.337223177253,267.318469206314,908.5664513739339,95.33333333333333,0
364,187.337223177253,267.318469206314,908.5664513739339,95.33333333333333,0
365,187.337223177253,267.318469206314,908.5664513739339,95.33333333333333,0
366,187.25494707991547,267.1335318326404,908.6926762665571,95.33333333333333,0
367,187.337223177253,267.318469206314,908.5664513739339,95.33333333333333,0
368,187.337223177253,267.318469206314,908.5664513739339,95.33333333333333,0
369,187.337223177253,267.318469206314,908.5664513739339,95.33333333333333,0
370,187.38441184687107,267.4456997365736,908.6735016493894,95.33333333333333,0
371,187.337223177253,267.318469206314,908.5664513739339,95.33333333333333,0
372,187.337223177253,267.318469206314,908.5664513739339,95.33333333333333,0
373,187.337223177253,267.318469206314,908.5664513739339,95.33333333333333,0
374,187.337223177253,267.318469206314,908.5664513739339,95.33333333333333,0
375,187.25494707991547,267.1335318326404,908.6926762665571,95.33333333333333,0
376,187.337223177253,267.318469206314,908.5664513739339,95.33333333333333,0
377,187.337223177253,267.318469206314,908.5664513739339,95.33333333333333,0
378,187.25494707991547,267.1335318326404,908.6926762665571,95.33333333333333,0
379,187.337223177253,267.318469206314,908.5664513739339,95.33333333333333,0
380,187.38441184687107,267.4456997365736,908.6735016493894,95.33333333333333,0
381,187.38441184687107,267.4456997365736,908.6735016493894,95.33333333333333,0
382,187.38441184687107,267.4456997365736,908.6735016493894,95.33333333333333,0
383,187.38441184687107,267.4456997365736,908.6735016493894,95.33333333333333,0
384,187.25494707991547,267.1335318326404,908.6926762665571,95.33333333333333,0
385,187.3021357495335,267.2608517574388,908.7997265420126,95.33333333333333,0
386,187.38441184687107,267.4456997365736,908.6735016493894,95.33333333333333,0
387,187.38441184687107,267.4456997365736,908.6735016493894,95.33333333333333,0
388,187.38441184687107,267.4456997365736,908.6735016493894,95.33333333333333,0
389,187.25494707991547,267.1335318326404,908.6926762665571,95.33333333333333,0
390,187.38441184687107,267.4456997365736,908.6735016493894,95.33333333333333,0
391,187.337223177253,267.318469206314,908.5664513739339,95.33333333333333,0
392,187.38441184687107,267.4456997365736,908.6735016493894,95.33333333333333,0
393,187.38441184687107,267.4456997365736,908.6735016493894,95.33333333333333,0
394,187.38441184687107,267.4456997365736,908.6735016493894,95.33333333333333,0
395,187.38441184687107,267.4456997365736,908.6735016493894,95.33333333333333,0
396,187.337223177253,267.318469206314,908.5664513739339,95.33333333333333,0
397,187.337223177253,267.318469206314,908.5664513739339,95.33333333333333,0
398,187.337223177253,267.318469206314,908.5664513739339,95.33333333333333,0
399,187.38441184687107,267.4456997365736,908.6735016493894,95.33333333333333,0
400,187.38441184687107,267.4456997365736,908.6735016493894,95.33333333333333,0
401,187.38441184687107,267.4456997365736,908.6735016493894,95.33333333333333,0
402,187.337223177253,267.318469206314,908.5664513739339,95.33333333333333,0
403,187.38441184687107,267.4456997365736,908.6735016493894,95.33333333333333,0
404,187.38441184687107,267.4456997365736,908.6735016493894,95.33333333333333,0
405,187.337223177253,267.318469206314,908.5664513739339,95.33333333333333,0
406,187.337223177253,267.318469206314,908.5664513739339,95.33333333333333,0
407,187.02572774816056,266.8932091179568,908.290978275489,95.66666666666667,0
408,187.337223177253,267.318469206314,908.5664513739339,95.33333333333333,0
409,187.337223177253,267.318469206314,908.5664513739339,95.33333333333333,0
410,187.38441184687107,267.4456997365736,908.6735016493894,95.33333333333333,0
411,187.337223177253,267.318469206314,908.5664513739339,95.33333333333333,0
412,187.337223177253,267.318469206314,908.5664513739339,95.33333333333333,0
413,187.38441184687107,267.4456997365736,908.6735016493894,95.33333333333333,0
414,187.38441184687107,267.4456997365736,908.6735016493894,95.33333333333333,0
415,187.337223177253,267.318469206314,908.5664513739339,95.33333333333333,0
416,187.38441184687107,267.4456997365736,908.6735016493894,95.33333333333333,0
417,187.337223177253,267.318469206314,908.5664513739339,95.33333333333333,0
418,187.337223177253,267.318469206314,908.5664513739339,95.33333333333333,0
419,187.337223177253,267.318469206314,908.5664513739339,95.33333333333333,0
420,187.18142324376262,267.10538732909873,908.4286881661156,95.5,0
421,187.337223177253,267.318469206314,908.5664513739339,95.33333333333333,0
422,187.337223177253,267.318469206314,908.5664513739339,95.33333333333333,0
423,187.337223177253,267.318469206314,908.5664513739339,95.33333333333333,0
424,187.337223177253,267.318469206314,908.5664513739339,95.33333333333333,0
425,187.38441184687107,267.4456997365736,908.6735016493894,95.33333333333333,0
426,187.38441184687107,267.4456997365736,908.6735016493894,95.33333333333333,0
427,187.337223177253,267.318469206314,908.5664513739339,95.33333333333333,0
428,187.38441184687107,267.4456997365736,908.6735016493894,95.33333333333333,0
429,187.38441184687107,267.4456997365736,908.6735016493894,95.33333333333333,0
430,187.337223177253,267.318469206314,908.5664513739339,95.33333333333333,0
431,187.337223177253,267.318469206314,908.5664513739339,95.33333333333333,0
432,187.337223177253,267.318469206314,908.5664513739339,95.33333333333333,0
433,187.337223177253,267.318469206314,908.5664513739339,95.33333333333333,0
434,187.337223177253,267.318469206314,908.5664513739339,95.33333333333333,0
435,187.337223177253,267.318469206314,908.5664513739339,95.33333333333333,0
436,187.38441184687107,267.4456997365736,908.6735016493894,95.33333333333333,0
437,187.38441184687107,267.4456997365736,908.6735016493894,95.33333333333333,0
438,187.38441184687107,267.4456997365736,908.6735016493894,95.33333333333333,0
439,187.38441184687107,267.4456997365736,908.6735016493894,95.33333333333333,0
440,187.38441184687107,267.4456997365736,908.6735016493894,95.33333333333333,0
441,187.337223177253,267.318469206314,908.5664513739339,95.33333333333333,0
442,187.337223177253,267.318469206314,908.5664513739339,95.33333333333333,0
443,187.337223177253,267.318469206314,908.5664513739339,95.33333333333333,0
444,187.38441184687107,267.4456997365736,908.6735016493894,95.33333333333333,0
445,187.337223177253,267.318469206314,908.5664513739339,95.33333333333333,0
446,187.337223177253,267.318469206314,908.5664513739339,95.33333333333333,0
447,187.38441184687107,267.4456997365736,908.6735016493894,95.33333333333333,0
448,187.337223177253,267.318469206314,908.5664513739339,95.33333333333333,0
449,187.337223177253,267.318469206314,908.5664513739339,95.33333333333333,0
450,187.337223177253,267.318469206314,908.5664513739339,95.33333333333333,0
451,187.337223177253,267.318469206314,908.5664513739339,95.33333333333333,0
452,187.337223177253,267.318469206314,908.5664513739339,95.33333333333333,0
453,187.337223177253,267.318469206314,908.5664513739339,95.33333333333333,0
454,187.38441184687107,267.4456997365736,908.6735016493894,95.33333333333333,0
455,187.337223177253,267.318469206314,908.5664513739339,95.33333333333333,0
456,187.38441184687107,267.4456997365736,908.6735016493894,95.33333333333333,0
457,187.337223177253,267.318469206314,908.5664513739339,95.33333333333333,0
458,187.38441184687107,267.4456997365736,908.6735016493894,95.33333333333333,0
459,187.18142324376262,267.10538732909873,908.4286881661156,95.5,0
460,187.18142324376262,267.10538732909873,908.4286881661156,95.5,0
461,187.38441184687107,267.4456997365736,908.6735016493894,95.33333333333333,0
462,187.38441184687107,267.4456997365736,908.6735016493894,95.33333333333333,0
463,187.38441184687107,267.4456997365736,908.6735016493894,95.33333333333333,0
464,187.38441184687107,267.4456997365736,908.6735016493894,95.33333333333333,0
465,187.38441184687107,267.4456997365736,908.6735016493894,95.33333333333333,0
466,187.337223177253,267.318469206314,908.5664513739339,95.33333333333333,0
467,187.337223177253,267.318469206314,908.5664513739339,95.33333333333333,0
468,187.337223177253,267.318469206314,908.5664513739339,95.33333333333333,0
469,187.38441184687107,267.4456997365736,908.6735016493894,95.33333333333333,0
470,187.38441184687107,267.4456997365736,908.6735016493894,95.33333333333333,0
471,187.38441184687107,267.4456997365736,908.6735016493894,95.33333333333333,0
472,187.337223177253,267.318469206314,908.5664513739339,95.33333333333333,0
473,187.337223177253,267.318469206314,908.5664513739339,95.33333333333333,0
474,187.337223177253,267.318469206314,908.5664513739339,95.33333333333333,0
475,187.18142324376262,267.10538732909873,908.4286881661156,95.5,0
476,187.38441184687107,267.4456997365736,908.6735016493894,95.33333333333333,0
477,187.38441184687107,267.4456997365736,908.6735016493894,95.33333333333333,0
478,187.22861191338066,267.2326240095145,908.5357384415712,95.5,0
479,187.18142324376262,267.10538732909873,908.4286881661156,95.5,0
480,187.38441184687107,267.4456997365736,908.6735016493894,95.33333333333333,0
481,187.38441184687107,267.4456997365736,908.6735016493894,95.33333333333333,0
482,187.22861191338066,267.2326240095145,908.5357384415712,95.5,0
483,187.38441184687107,267.4456997365736,908.6735016493894,95.33333333333333,0
484,187.38441184687107,267.4456997365736,908.6735016493894,95.33333333333333,0
485,187.22861191338066,267.2326240095145,908.5357384415712,95.5,0
486,187.22861191338066,267.2326240095145,908.5357384415712,95.5,0
487,187.337223177253,267.318469206314,908.5664513739339,95.33333333333333,0
488,187.38441184687107,267.4456997365736,908.6735016493894,95.33333333333333,0
489,187.38441184687107,267.4456997365736,908.6735016493894,95.33333333333333,0
490,187.22861191338066,267.2326240095145,908.5357384415712,95.5,0
491,187.22861191338066,267.2326240095145,908.5357384415712,95.5,0
492,187.07291641777863,267.02044784880286,908.3980285509446,95.66666666666667,0
493,187.22861191338066,267.2326240095145,908.5357384415712,95.5,0
494,187.22861191338066,267.2326240095145,908.5357384415712,95.5,0
495,187.22861191338066,267.2326240095145,908.5357384415712,95.5,0
496,187.38441184687107,267.4456997365736,908.6735016493894,95.33333333333333,0
497,187.18142324376262,267.10538732909873,908.4286881661156,95.5,0
498,187.38441184687107,267.4456997365736,908.6735016493894,95.33333333333333,0
499,187.02572774816056,266.8932091179568,908.290978275489,95.66666666666667,0
500,187.337223177253,267.318469206314,908.5664513739339,95.33333333333333,0
501,187.38441184687107,267.4456997365736,908.6735016493894,95.33333333333333,0
502,187.38441184687107,267.4456997365736,908.6735016493894,95.33333333333333,0
503,187.22861191338066,267.2326240095145,908.5357384415712,95.5,0
504,187.38441184687107,267.4456997365736,908.6735016493894,95.33333333333333,0
505,187.38441184687107,267.4456997365736,908.6735016493894,95.33333333333333,0
506,187.38441184687107,267.4456997365736,908.6735016493894,95.33333333333333,0
507,187.18142324376262,267.10538732909873,908.4286881661156,95.5,0
508,187.22861191338066,267.2326240095145,908.5357384415712,95.5,0
509,187.18142324376262,267.10538732909873,908.4286881661156,95.5,0
510,187.22861191338066,267.2326240095145,908.5357384415712,95.5,0
511,187.22861191338066,267.2326240095145,908.5357384415712,95.5,0
512,187.22861191338066,267.2326240095145,908.5357384415712,95.5,0
513,187.38441184687107,267.4456997365736,908.6735016493894,95.33333333333333,0
514,187.38441184687107,267.4456997365736,908.6735016493894,95.33333333333333,0
515,187.38441184687107,267.4456997365736,908.6735016493894,95.33333333333333,0
516,187.22861191338066,267.2326240095145,908.5357384415712,95.5,0
517,187.22861191338066,267.2326240095145,908.5357384415712,95.5,0
518,187.22861191338066,267.2326240095145,908.5357384415712,95.5,0
519,187.22861191338066,267.2326240095145,908.5357384415712,95.5,0
520,187.18142324376262,267.10538732909873,908.4286881661156,95.5,0
521,187.22861191338066,267.2326240095145,908.5357384415712,95.5,0
522,187.22861191338066,267.2326240095145,908.5357384415712,95.5,0
523,187.38441184687107,267.4456997365736,908.6735016493894,95.33333333333333,0
524,187.22861191338066,267.2326240095145,908.5357384415712,95.5,0
525,187.337223177253,267.318469206314,908.5664513739339,95.33333333333333,0
526,187.22861191338066,267.2326240095145,908.5357384415712,95.5,0
527,187.38441184687107,267.4456997365736,908.6735016493894,95.33333333333333,0
528,187.38441184687107,267.4456997365736,908.6735016493894,95.33333333333333,0
529,187.38441184687107,267.4456997365736,908.6735016493894,95.33333333333333,0
530,187.22861191338066,267.2326240095145,908.5357384415712,95.5,0
531,187.22861191338066,267.2326240095145,908.5357384415712,95.5,0
532,187.02572774816056,266.8932091179568,908.290978275489,95.66666666666667,0
533,187.07291641777863,267.02044784880286,908.3980285509446,95.66666666666667,0
534,187.18142324376262,267.10538732909873,908.4286881661156,95.5,0
535,187.18142324376262,267.10538732909873,908.4286881661156,95.5,0
536,187.18142324376262,267.10538732909873,908.4286881661156,95.5,0
537,187.22861191338066,267.2326240095145,908.5357384415712,95.5,0
538,187.07291641777863,267.02044784880286,908.3980285509446,95.66666666666667,0
539,187.38441184687107,267.4456997365736,908.6735016493894,95.33333333333333,0
540,187.38441184687107,267.4456997365736,908.6735016493894,95.33333333333333,0
541,187.02572774816056,266.8932091179568,908.290978275489,95.66666666666667,0
542,187.38441184687107,267.4456997365736,908.6735016493894,95.33333333333333,0
543,187.22861191338066,267.2326240095145,908.5357384415712,95.5,0
544,187.22861191338066,267.2326240095145,908.5357384415712,95.5,0
545,187.22861191338066,267.2326240095145,908.5357384415712,95.5,0
546,187.38441184687107,267.4456997365736,908.6735016493894,95.33333333333333,0
547,187.38441184687107,267.4456997365736,908.6735016493894,95.33333333333333,0
548,187.38441184687107,267.4456997365736,908.6735016493894,95.33333333333333,0
549,187.38441184687107,267.4456997365736,908.6735016493894,95.33333333333333,0
550,187.38441184687107,267.4456997365736,908.6735016493894,95.33333333333333,0
551,187.22861191338066,267.2326240095145,908.5357384415712,95.5,0
552,187.22861191338066,267.2326240095145,908.5357384415712,95.5,0
553,187.22861191338066,267.2326240095145,908.5357384415712,95.5,0
554,187.22861191338066,267.2326240095145,908.5357384415712,95.5,0
555,187.22861191338066,267.2326240095145,908.5357384415712,95.5,0
556,187.22861191338066,267.2326240095145,908.5357384415712,95.5,0
557,187.22861191338066,267.2326240095145,908.5357384415712,95.5,0
558,187.22861191338066,267.2326240095145,908.5357384415712,95.5,0
559,187.22861191338066,267.2326240095145,908.5357384415712,95.5,0
560,187.18142324376262,267.10538732909873,908.4286881661156,95.5,0
561,187.07291641777863,267.02044784880286,908.3980285509446,95.66666666666667,0
562,187.22861191338066,267.2326240095145,908.5357384415712,95.5,0
563,187.07291641777863,267.02044784880286,908.3980285509446,95.66666666666667,0
564,187.07291641777863,267.02044784880286,908.3980285509446,95.66666666666667,0
565,187.07291641777863,267.02044784880286,908.3980285509446,95.66666666666667,0
566,187.07291641777863,267.02044784880286,908.3980285509446,95.66666666666667,0
567,187.07291641777863,267.02044784880286,908.3980285509446,95.66666666666667,0
568,187.22861191338066,267.2326240095145,908.5357384415712,95.5,0
569,187.22861191338066,267.2326240095145,908.5357384415712,95.5,0
570,187.22861191338066,267.2326240095145,908.5357384415712,95.5,0
571,187.22861191338066,267.2326240095145,908.5357384415712,95.5,0
572,187.07291641777863,267.02044784880286,908.3980285509446,95.66666666666667,0
573,187.22861191338066,267.2326240095145,908.5357384415712,95.5,0
574,187.22861191338066,267.2326240095145,908.5357384415712,95.5,0
575,187.22861191338066,267.2326240095145,908.5357384415712,95.5,0
576,187.22861191338066,267.2326240095145,908.5357384415712,95.5,0
577,187.07291641777863,267.02044784880286,908.3980285509446,95.66666666666667,0
578,187.22861191338066,267.2326240095145,908.5357384415712,95.5,0
579,187.07291641777863,267.02044784880286,908.3980285509446,95.66666666666667,0
580,187.07291641777863,267.02044784880286,908.3980285509446,95.66666666666667,0
581,187.07291641777863,267.02044784880286,908.3980285509446,95.66666666666667,0
582,187.22861191338066,267.2326240095145,908.5357384415712,95.5,0
583,187.07291641777863,267.02044784880286,908.3980285509446,95.66666666666667,0
584,187.07291641777863,267.02044784880286,908.3980285509446,95.66666666666667,0
585,187.07291641777863,267.02044784880286,908.3980285509446,95.66666666666667,0
586,187.07291641777863,267.02044784880286,908.3980285509446,95.66666666666667,0
587,187.07291641777863,267.02044784880286,908.3980285509446,95.66666666666667,0
588,187.07291641777863,267.02044784880286,908.3980285509446,95.66666666666667,0
589,187.07291641777863,267.02044784880286,908.3980285509446,95.66666666666667,0
590,187.07291641777863,267.02044784880286,908.3980285509446,95.66666666666667,0
591,187.22861191338066,267.2326240095145,908.5357384415712,95.5,0
592,187.22861191338066,267.2326240095145,908.5357384415712,95.5,0
593,187.02572774816056,266.8932091179568,908.290978275489,95.66666666666667,0
594,187.22861191338066,267.2326240095145,908.5357384415712,95.5,0
595,187.22861191338066,267.2326240095145,908.5357384415712,95.5,0
596,187.18142324376262,267.10538732909873,908.4286881661156,95.5,0
597,187.22861191338066,267.2326240095145,908.5357384415712,95.5,0
598,187.22861191338066,267.2326240095145,908.5357384415712,95.5,0
599,187.22861191338066,267.2326240095145,908.5357384415712,95.5,0
600,187.22861191338066,267.2326240095145,908.5357384415712,95.5,0
601,187.22861191338066,267.2326240095145,908.5357384415712,95.5,0
602,187.07291641777863,267.02044784880286,908.3980285509446,95.66666666666667,0
603,187.22861191338066,267.2326240095145,908.5357384415712,95.5,0
604,187.22861191338066,267.2326240095145,908.5357384415712,95.5,0
605,187.22861191338066,267.2326240095145,908.5357384415712,95.5,0
606,187.38441184687107,267.4456997365736,908.6735016493894,95.33333333333333,0
607,187.22861191338066,267.2326240095145,908.5357384415712,95.5,0
608,187.07291641777863,267.02044784880286,908.3980285509446,95.66666666666667,0
609,187.22861191338066,267.2326240095145,908.5357384415712,95.5,0
610,187.07291641777863,267.02044784880286,908.3980285509446,95.66666666666667,0
611,187.07291641777863,267.02044784880286,908.3980285509446,95.66666666666667,0
612,187.07291641777863,267.02044784880286,908.3980285509446,95.66666666666667,0
613,187.18142324376262,267.10538732909873,908.4286881661156,95.5,0
614,187.22861191338066,267.2326240095145,908.5357384415712,95.5,0
615,187.07291641777863,267.02044784880286,908.3980285509446,95.66666666666667,0
616,187.22861191338066,267.2326240095145,908.5357384415712,95.5,0
617,187.02572774816056,266.8932091179568,908.290978275489,95.66666666666667,0
618,187.07291641777863,267.02044784880286,908.3980285509446,95.66666666666667,0
619,187.22861191338066,267.2326240095145,908.5357384415712,95.5,0
620,187.22861191338066,267.2326240095145,908.5357384415712,95.5,0
621,187.02572774816056,266.8932091179568,908.290978275489,95.66666666666667,0
622,187.22861191338066,267.2326240095145,908.5357384415712,95.5,0
623,187.22861191338066,267.2326240095145,908.5357384415712,95.5,0
624,187.22861191338066,267.2326240095145,908.5357384415712,95.5,0
625,187.22861191338066,267.2326240095145,908.5357384415712,95.5,0
626,187.22861191338066,267.2326240095145,908.5357384415712,95.5,0
627,187.22861191338066,267.2326240095145,908.5357384415712,95.5,0
628,187.07291641777863,267.02044784880286,908.3980285509446,95.66666666666667,0
629,187.07291641777863,267.02044784880286,908.3980285509446,95.66666666666667,0
630,187.07291641777863,267.02044784880286,908.3980285509446,95.66666666666667,0
631,187.07291641777863,267.02044784880286,908.3980285509446,95.66666666666667,0
632,187.07291641777863,267.02044784880286,908.3980285509446,95.66666666666667,0
633,187.22861191338066,267.2326240095145,908.5357384415712,95.5,0
634,187.22861191338066,267.2326240095145,908.5357384415712,95.5,0
635,187.07291641777863,267.02044784880286,908.3980285509446,95.66666666666667,0
636,187.07291641777863,267.02044784880286,908.3980285509446,95.66666666666667,0
637,187.22861191338066,267.2326240095145,908.5357384415712,95.5,0
638,187.07291641777863,267.02044784880286,908.3980285509446,95.66666666666667,0
639,187.07291641777863,267.02044784880286,908.3980285509446,95.66666666666667,0
640,187.22861191338066,267.2326240095145,908.5357384415712,95.5,0
641,187.22861191338066,267.2326240095145,908.5357384415712,95.5,0
642,187.07291641777863,267.02044784880286,908.3980285509446,95.66666666666667,0
643,187.22861191338066,267.2326240095145,908.5357384415712,95.5,0
644,187.22861191338066,267.2326240095145,908.5357384415712,95.5,0
645,187.02572774816056,266.8932091179568,908.290978275489,95.66666666666667,0
646,187.02572774816056,266.8932091179568,908.290978275489,95.66666666666667,0
647,187.07291641777863,267.02044784880286,908.3980285509446,95.66666666666667,0
648,187.22861191338066,267.2326240095145,908.5357384415712,95.5,0
649,187.02572774816056,266.8932091179568,908.290978275489,95.66666666666667,0
650,187.07291641777863,267.02044784880286,908.3980285509446,95.66666666666667,0
651,187.07291641777863,267.02044784880286,908.3980285509446,95.66666666666667,0
652,187.07291641777863,267.02044784880286,908.3980285509446,95.66666666666667,0
653,187.07291641777863,267.02044784880286,908.3980285509446,95.66666666666667,0
654,187.02572774816056,266.8932091179568,908.290978275489,95.66666666666667,0
655,187.07291641777863,267.02044784880286,908.3980285509446,95.66666666666667,0
656,187.22861191338066,267.2326240095145,908.5357384415712,95.5,0
657,187.07291641777863,267.02044784880286,908.3980285509446,95.66666666666667,0
658,187.07291641777863,267.02044784880286,908.3980285509446,95.66666666666667,0
659,187.07291641777863,267.02044784880286,908.3980285509446,95.66666666666667,0
660,187.02572774816056,266.8932091179568,908.290978275489,95.66666666666667,0
661,187.07291641777863,267.02044784880286,908.3980285509446,95.66666666666667,0
662,187.07291641777863,267.02044784880286,908.3980285509446,95.66666666666667,0
663,187.02572774816056,266.8932091179568,908.290978275489,95.66666666666667,0
664,187.22861191338066,267.2326240095145,908.5357384415712,95.5,0
665,187.07291641777863,267.02044784880286,908.3980285509446,95.66666666666667,0
666,187.22861191338066,267.2326240095145,908.5357384415712,95.5,0
667,187.22861191338066,267.2326240095145,908.5357384415712,95.5,0
668,187.18142324376262,267.10538732909873,908.4286881661156,95.5,0
669,187.22861191338066,267.2326240095145,908.5357384415712,95.5,0
670,187.07291641777863,267.02044784880286,908.3980285509446,95.66666666666667,0
671,187.07291641777863,267.02044784880286,908.3980285509446,95.66666666666667,0
672,187.22861191338066,267.2326240095145,908.5357384415712,95.5,0
673,187.38441184687107,267.4456997365736,908.6735016493894,95.33333333333333,0
674,187.07291641777863,267.02044784880286,908.3980285509446,95.66666666666667,0
675,187.07291641777863,267.02044784880286,908.3980285509446,95.66666666666667,0
676,187.07291641777863,267.02044784880286,908.3980285509446,95.66666666666667,0
677,187.22861191338066,267.2326240095145,908.5357384415712,95.5,0
678,187.22861191338066,267.2326240095145,908.5357384415712,95.5,0
679,187.22861191338066,267.2326240095145,908.5357384415712,95.5,0
680,187.18142324376262,267.10538732909873,908.4286881661156,95.5,0
681,187.18142324376262,267.10538732909873,908.4286881661156,95.5,0
682,187.337223177253,267.318469206314,908.5664513739339,95.33333333333333,0
683,187.337223177253,267.318469206314,908.5664513739339,95.33333333333333,0
684,187.38441184687107,267.4456997365736,908.6735016493894,95.33333333333333,0
685,187.22861191338066,267.2326240095145,908.5357384415712,95.5,0
686,187.337223177253,267.318469206314,908.5664513739339,95.33333333333333,0
687,187.18142324376262,267.10538732909873,908.4286881661156,95.5,0
688,187.337223177253,267.318469206314,908.5664513739339,95.33333333333333,0
689,187.18142324376262,267.10538732909873,908.4286881661156,95.5,0
690,187.337223177253,267.318469206314,908.5664513739339,95.33333333333333,0
691,187.337223177253,267.318469206314,908.5664513739339,95.33333333333333,0
692,187.337223177253,267.318469206314,908.5664513739339,95.33333333333333,0
693,187.337223177253,267.318469206314,908.5664513739339,95.33333333333333,0
694,187.38441184687107,267.4456997365736,908.6735016493894,95.33333333333333,0
695,187.38441184687107,267.4456997365736,908.6735016493894,95.33333333333333,0
696,187.337223177253,267.318469206314,908.5664513739339,95.33333333333333,0
697,187.18142324376262,267.10538732909873,908.4286881661156,95.5,0
698,187.26940525735623,267.3069002843298,908.4560020766261,95.33333333333333,0
699,187.18142324376262,267.10538732909873,908.4286881661156,95.5,0
700,187.22861191338066,267.2326240095145,908.5357384415712,95.5,0
701,187.18142324376262,267.10538732909873,908.4286881661156,95.5,0
702,185.95403517722502,259.8559043524921,950.574713900679,94.6,0
703,182.64836163408717,257.0788859349117,949.0720915914351,97.0,0
704,187.79957844683236,293.41846355762715,904.876401741149,94.75,0
705,187.02572774816056,266.8932091179568,908.290978275489,95.66666666666667,0
706,187.22861191338066,267.2326240095145,908.5357384415712,95.5,0
707,187.1607939934839,267.22106144791377,908.4252891442634,95.5,0
708,187.1607939934839,267.22106144791377,908.4252891442634,95.5,0
709,187.00509849788185,267.0086804435659,908.2875792536366,95.66666666666667,0
710,187.07291641777863,267.02044784880286,908.3980285509446,95.66666666666667,0
711,187.00509849788185,267.0086804435659,908.2875792536366,95.66666666666667,0
712,187.07291641777863,267.02044784880286,908.3980285509446,95.66666666666667,0
713,187.1607939934839,267.22106144791377,908.4252891442634,95.5,0
714,187.00509849788185,267.0086804435659,908.2875792536366,95.66666666666667,0
715,187.00509849788185,267.0086804435659,908.2875792536366,95.66666666666667,0
716,187.00509849788185,267.0086804435659,908.2875792536366,95.66666666666667,0
717,187.00509849788185,267.0086804435659,908.2875792536366,95.66666666666667,0
718,186.9579098282638,266.88123152728144,908.1805289781811,95.66666666666667,0
719,187.00509849788185,267.0086804435659,908.2875792536366,95.66666666666667,0
720,187.00509849788185,267.0086804435659,908.2875792536366,95.66666666666667,0
721,187.07291641777863,267.02044784880286,908.3980285509446,95.66666666666667,0
722,187.07291641777863,267.02044784880286,908.3980285509446,95.66666666666667,0
723,187.00509849788185,267.0086804435659,908.2875792536366,95.66666666666667,0
724,187.00509849788185,267.0086804435659,908.2875792536366,95.66666666666667,0
725,187.00509849788185,267.0086804435659,908.2875792536366,95.66666666666667,0
726,187.07291641777863,267.02044784880286,908.3980285509446,95.66666666666667,0
727,187.00509849788185,267.0086804435659,908.2875792536366,95.66666666666667,0
728,187.07291641777863,267.02044784880286,908.3980285509446,95.66666666666667,0
729,187.00509849788185,267.0086804435659,908.2875792536366,95.66666666666667,0
730,187.07291641777863,267.02044784880286,908.3980285509446,95.66666666666667,0
731,187.07291641777863,267.02044784880286,908.3980285509446,95.66666666666667,0
732,187.00509849788185,267.0086804435659,908.2875792536366,95.66666666666667,0
733,187.00509849788185,267.0086804435659,908.2875792536366,95.66666666666667,0
734,187.00509849788185,267.0086804435659,908.2875792536366,95.66666666666667,0
735,187.00509849788185,267.0086804435659,908.2875792536366,95.66666666666667,0
736,187.00509849788185,267.0086804435659,908.2875792536366,95.66666666666667,0
737,187.00509849788185,267.0086804435659,908.2875792536366,95.66666666666667,0
738,187.07291641777863,267.02044784880286,908.3980285509446,95.66666666666667,0
739,187.00509849788185,267.0086804435659,908.2875792536366,95.66666666666667,0
740,187.00509849788185,267.0086804435659,908.2875792536366,95.66666666666667,0
741,187.00509849788185,267.0086804435659,908.2875792536366,95.66666666666667,0
742,187.00509849788185,267.0086804435659,908.2875792536366,95.66666666666667,0
743,187.00509849788185,267.0086804435659,908.2875792536366,95.66666666666667,0
744,187.00509849788185,267.0086804435659,908.2875792536366,95.66666666666667,0
745,187.07291641777863,267.02044784880286,908.3980285509446,95.66666666666667,0
746,187.00509849788185,267.0086804435659,908.2875792536366,95.66666666666667,0
747,187.00509849788185,267.0086804435659,908.2875792536366,95.66666666666667,0
748,187.00509849788185,267.0086804435659,908.2875792536366,95.66666666666667,0
749,187.00509849788185,267.0086804435659,908.2875792536366,95.66666666666667,0
750,187.00509849788185,267.0086804435659,908.2875792536366,95.66666666666667,0
751,187.07291641777863,267.02044784880286,908.3980285509446,95.66666666666667,0
752,187.00509849788185,267.0086804435659,908.2875792536366,95.66666666666667,0
753,187.00509849788185,267.0086804435659,908.2875792536366,95.66666666666667,0
754,187.00509849788185,267.0086804435659,908.2875792536366,95.66666666666667,0
755,187.00509849788185,267.0086804435659,908.2875792536366,95.66666666666667,0
756,187.00509849788185,267.0086804435659,908.2875792536366,95.66666666666667,0
757,187.00509849788185,267.0086804435659,908.2875792536366,95.66666666666667,0
758,187.00509849788185,267.0086804435659,908.2875792536366,95.66666666666667,0
759,187.00509849788185,267.0086804435659,908.2875792536366,95.66666666666667,0
760,187.00509849788185,267.0086804435659,908.2875792536366,95.66666666666667,0
761,187.00509849788185,267.0086804435659,908.2875792536366,95.66666666666667,0
762,187.07291641777863,267.02044784880286,908.3980285509446,95.66666666666667,0
763,187.07291641777863,267.02044784880286,908.3980285509446,95.66666666666667,0
764,187.07291641777863,267.02044784880286,908.3980285509446,95.66666666666667,0
765,187.07291641777863,267.02044784880286,908.3980285509446,95.66666666666667,0
766,187.07291641777863,267.02044784880286,908.3980285509446,95.66666666666667,0
767,187.00509849788185,267.0086804435659,908.2875792536366,95.66666666666667,0
768,187.00509849788185,267.0086804435659,908.2875792536366,95.66666666666667,0
769,187.00509849788185,267.0086804435659,908.2875792536366,95.66666666666667,0
770,187.00509849788185,267.0086804435659,908.2875792536366,95.66666666666667,0
771,187.22861191338066,267.2326240095145,908.5357384415712,95.5,0
772,187.22861191338066,267.2326240095145,908.5357384415712,95.5,0
773,187.22861191338066,267.2326240095145,908.5357384415712,95.5,0
774,187.00509849788185,267.0086804435659,908.2875792536366,95.66666666666667,0
775,187.00509849788185,267.0086804435659,908.2875792536366,95.66666666666667,0
776,187.00509849788185,267.0086804435659,908.2875792536366,95.66666666666667,0
777,187.1607939934839,267.22106144791377,908.4252891442634,95.5,0
778,187.22861191338066,267.2326240095145,908.5357384415712,95.5,0
779,187.00509849788185,267.0086804435659,908.2875792536366,95.66666666666667,0
780,187.00509849788185,267.0086804435659,908.2875792536366,95.66666666666667,0
781,187.00509849788185,267.0086804435659,908.2875792536366,95.66666666666667,0
782,187.00509849788185,267.0086804435659,908.2875792536366,95.66666666666667,0
783,187.00509849788185,267.0086804435659,908.2875792536366,95.66666666666667,0
784,187.00509849788185,267.0086804435659,908.2875792536366,95.66666666666667,0
785,187.00509849788185,267.0086804435659,908.2875792536366,95.66666666666667,0
786,187.1607939934839,267.22106144791377,908.4252891442634,95.5,0
787,187.00509849788185,267.0086804435659,908.2875792536366,95.66666666666667,0
788,187.00509849788185,267.0086804435659,908.2875792536366,95.66666666666667,0
789,187.00509849788185,267.0086804435659,908.2875792536366,95.66666666666667,0
790,187.07291641777863,267.02044784880286,908.3980285509446,95.66666666666667,0
791,187.00509849788185,267.0086804435659,908.2875792536366,95.66666666666667,0
792,187.00509849788185,267.0086804435659,908.2875792536366,95.66666666666667,0
793,187.1607939934839,267.22106144791377,908.4252891442634,95.5,0
794,187.00509849788185,267.0086804435659,908.2875792536366,95.66666666666667,0
795,187.00509849788185,267.0086804435659,908.2875792536366,95.66666666666667,0
796,187.00509849788185,267.0086804435659,908.2875792536366,95.66666666666667,0
797,187.00509849788185,267.0086804435659,908.2875792536366,95.66666666666667,0
798,187.00509849788185,267.0086804435659,908.2875792536366,95.66666666666667,0
799,187.00509849788185,267.0086804435659,908.2875792536366,95.66666666666667,0
800,187.00509849788185,267.0086804435659,908.2875792536366,95.66666666666667,0
801,187.00509849788185,267.0086804435659,908.2875792536366,95.66666666666667,0
802,187.00509849788185,267.0086804435659,908.2875792536366,95.66666666666667,0
803,187.00509849788185,267.0086804435659,908.2875792536366,95.66666666666667,0
804,187.1607939934839,267.22106144791377,908.4252891442634,95.5,0
805,187.1607939934839,267.22106144791377,908.4252891442634,95.5,0
806,187.00509849788185,267.0086804435659,908.2875792536366,95.66666666666667,0
807,187.12413623523437,267.1512484220988,908.0847527197146,95.5,0
808,187.00509849788185,267.0086804435659,908.2875792536366,95.66666666666667,0
809,187.1607939934839,267.22106144791377,908.4252891442634,95.5,0
810,187.1607939934839,267.22106144791377,908.4252891442634,95.5,0
811,187.00509849788185,267.0086804435659,908.2875792536366,95.66666666666667,0
812,187.00509849788185,267.0086804435659,908.2875792536366,95.66666666666667,0
813,187.00509849788185,267.0086804435659,908.2875792536366,95.66666666666667,0
814,187.00509849788185,267.0086804435659,908.2875792536366,95.66666666666667,0
815,187.00509849788185,267.0086804435659,908.2875792536366,95.66666666666667,0
816,187.00509849788185,267.0086804435659,908.2875792536366,95.66666666666667,0
817,187.00509849788185,267.0086804435659,908.2875792536366,95.66666666666667,0
818,187.00509849788185,267.0086804435659,908.2875792536366,95.66666666666667,0
819,187.1607939934839,267.22106144791377,908.4252891442634,95.5,0
820,186.9579098282638,266.88123152728144,908.1805289781811,95.66666666666667,0
821,187.00509849788185,267.0086804435659,908.2875792536366,95.66666666666667,0
822,187.00509849788185,267.0086804435659,908.2875792536366,95.66666666666667,0
823,187.00509849788185,267.0086804435659,908.2875792536366,95.66666666666667,0
824,187.17132490485244,267.27867666328126,908.1918029951702,95.5,0
825,187.00509849788185,267.0086804435659,908.2875792536366,95.66666666666667,0
826,187.1607939934839,267.22106144791377,908.4252891442634,95.5,0
827,187.1607939934839,267.22106144791377,908.4252891442634,95.5,0
828,187.00509849788185,267.0086804435659,908.2875792536366,95.66666666666667,0
829,187.32702040045447,267.4910666773554,908.3295128857968,95.33333333333333,0
830,187.00509849788185,267.0086804435659,908.2875792536366,95.66666666666667,0
831,187.00509849788185,267.0086804435659,908.2875792536366,95.66666666666667,0
832,187.00509849788185,267.0086804435659,908.2875792536366,95.66666666666667,0
833,187.17132490485244,267.27867666328126,908.1918029951702,95.5,0
834,187.17132490485244,267.27867666328126,908.1918029951702,95.5,0
835,187.00509849788185,267.0086804435659,908.2875792536366,95.66666666666667,0
836,187.00509849788185,267.0086804435659,908.2875792536366,95.66666666666667,0
837,187.00509849788185,267.0086804435659,908.2875792536366,95.66666666666667,0
838,187.32702040045447,267.4910666773554,908.3295128857968,95.33333333333333,0
839,187.17132490485244,267.27867666328126,908.1918029951702,95.5,0
840,187.17132490485244,267.27867666328126,908.1918029951702,95.5,0
841,187.17132490485244,267.27867666328126,908.1918029951702,95.5,0
842,187.17132490485244,267.27867666328126,908.1918029951702,95.5,0
843,187.17132490485244,267.27867666328126,908.1918029951702,95.5,0
844,187.17132490485244,267.27867666328126,908.1918029951702,95.5,0
845,187.17132490485244,267.27867666328126,908.1918029951702,95.5,0
846,187.00509849788185,267.0086804435659,908.2875792536366,95.66666666666667,0
847,187.17132490485244,267.27867666328126,908.1918029951702,95.5,0
848,187.17132490485244,267.27867666328126,908.1918029951702,95.5,0
849,187.32702040045447,267.4910666773554,908.3295128857968,95.33333333333333,0
850,187.17132490485244,267.27867666328126,908.1918029951702,95.5,0
851,187.00509849788185,267.0086804435659,908.2875792536366,95.66666666666667,0
852,187.17132490485244,267.27867666328126,908.1918029951702,95.5,0
853,187.17132490485244,267.27867666328126,908.1918029951702,95.5,0
854,187.17132490485244,267.27867666328126,908.1918029951702,95.5,0
855,187.17132490485244,267.27867666328126,908.1918029951702,95.5,0
856,187.17132490485244,267.27867666328126,908.1918029951702,95.5,0
857,187.27983173083643,267.3636404866033,908.2224626103413,95.33333333333333,0
858,187.17132490485244,267.27867666328126,908.1918029951702,95.5,0
859,187.17132490485244,267.27867666328126,908.1918029951702,95.5,0
860,187.17132490485244,267.27867666328126,908.1918029951702,95.5,0
861,187.12413623523437,267.1512484220988,908.0847527197146,95.5,0
862,187.12413623523437,267.1512484220988,908.0847527197146,95.5,0
863,187.12413623523437,267.1512484220988,908.0847527197146,95.5,0
864,187.17132490485244,267.27867666328126,908.1918029951702,95.5,0
865,187.17132490485244,267.27867666328126,908.1918029951702,95.5,0
866,187.17132490485244,267.27867666328126,908.1918029951702,95.5,0
867,187.12413623523437,267.1512484220988,908.0847527197146,95.5,0
868,187.17132490485244,267.27867666328126,908.1918029951702,95.5,0
869,187.32702040045447,267.4910666773554,908.3295128857968,95.33333333333333,0
870,187.17132490485244,267.27867666328126,908.1918029951702,95.5,0
871,187.32702040045447,267.4910666773554,908.3295128857968,95.33333333333333,0
872,187.32702040045447,267.4910666773554,908.3295128857968,95.33333333333333,0
873,187.17132490485244,267.27867666328126,908.1918029951702,95.5,0
874,187.27983173083643,267.3636404866033,908.2224626103413,95.33333333333333,0
875,187.17132490485244,267.27867666328126,908.1918029951702,95.5,0
876,187.17132490485244,267.27867666328126,908.1918029951702,95.5,0
877,187.17132490485244,267.27867666328126,908.1918029951702,95.5,0
878,187.17132490485244,267.27867666328126,908.1918029951702,95.5,0
879,187.27983173083643,267.3636404866033,908.2224626103413,95.33333333333333,0
880,187.27983173083643,267.3636404866033,908.2224626103413,95.33333333333333,0
881,187.12413623523437,267.1512484220988,908.0847527197146,95.5,0
882,187.17132490485244,267.27867666328126,908.1918029951702,95.5,0
883,187.17132490485244,267.27867666328126,908.1918029951702,95.5,0
884,187.12413623523437,267.1512484220988,908.0847527197146,95.5,0
885,187.17132490485244,267.27867666328126,908.1918029951702,95.5,0
886,187.17132490485244,267.27867666328126,908.1918029951702,95.5,0
887,187.17132490485244,267.27867666328126,908.1918029951702,95.5,0
888,187.17132490485244,267.27867666328126,908.1918029951702,95.5,0
889,187.17132490485244,267.27867666328126,908.1918029951702,95.5,0
890,187.17132490485244,267.27867666328126,908.1918029951702,95.5,0
891,187.17132490485244,267.27867666328126,908.1918029951702,95.5,0
892,187.17132490485244,267.27867666328126,908.1918029951702,95.5,0
893,187.12413623523437,267.1512484220988,908.0847527197146,95.5,0
894,187.17132490485244,267.27867666328126,908.1918029951702,95.5,0
895,187.17132490485244,267.27867666328126,908.1918029951702,95.5,0
896,187.17132490485244,267.27867666328126,908.1918029951702,95.5,0
897,187.17132490485244,267.27867666328126,908.1918029951702,95.5,0
898,187.17132490485244,267.27867666328126,908.1918029951702,95.5,0
899,187.17132490485244,267.27867666328126,908.1918029951702,95.5,0
900,187.12413623523437,267.1512484220988,908.0847527197146,95.5,0
901,187.17132490485244,267.27867666328126,908.1918029951702,95.5,0
902,187.17132490485244,267.27867666328126,908.1918029951702,95.5,0
903,187.17132490485244,267.27867666328126,908.1918029951702,95.5,0
904,187.17132490485244,267.27867666328126,908.1918029951702,95.5,0
905,187.17132490485244,267.27867666328126,908.1918029951702,95.5,0
906,187.17132490485244,267.27867666328126,908.1918029951702,95.5,0
907,187.17132490485244,267.27867666328126,908.1918029951702,95.5,0
908,187.17132490485244,267.27867666328126,908.1918029951702,95.5,0
909,187.32702040045447,267.4910666773554,908.3295128857968,95.33333333333333,0
910,187.32702040045447,267.4910666773554,908.3295128857968,95.33333333333333,0
911,187.32702040045447,267.4910666773554,908.3295128857968,95.33333333333333,0
912,187.17132490485244,267.27867666328126,908.1918029951702,95.5,0
913,187.17132490485244,267.27867666328126,908.1918029951702,95.5,0
914,187.17132490485244,267.27867666328126,908.1918029951702,95.5,0
915,187.17132490485244,267.27867666328126,908.1918029951702,95.5,0
916,187.32702040045447,267.4910666773554,908.3295128857968,95.33333333333333,0
917,187.17132490485244,267.27867666328126,908.1918029951702,95.5,0
918,187.17132490485244,267.27867666328126,908.1918029951702,95.5,0
919,187.17132490485244,267.27867666328126,908.1918029951702,95.5,0
920,187.12413623523437,267.1512484220988,908.0847527197146,95.5,0
921,187.17132490485244,267.27867666328126,908.1918029951702,95.5,0
